<?xml version="1.0" encoding="utf-8"?>
<odoo>
    <data noupdate="0">
        <record id="module_category_estimation_user" model="ir.module.category">
            <field name="name">Estimation</field>
            <field name="sequence">22</field>
        </record>

        <record id="group_estimation_user" model="res.groups">
            <field name="name">Estimation User</field>
            <field name="category_id" ref="module_category_estimation_user"/>
            <field name="users" eval="[(4, ref('base.user_root'))]"/>
        </record>
        
        <record id="group_estimation_r1" model="res.groups">
            <field name="name">R1 Approver</field>
            <field name="category_id" ref="module_category_estimation_user"/>
            <field name="users" eval="[(4, ref('base.user_root')),(4, ref('base.user_admin'))]"/>
        </record>
        
        <record id="group_estimation_r2" model="res.groups">
            <field name="name">R2 Approver</field>
            <field name="category_id" ref="module_category_estimation_user"/>
            <field name="users" eval="[(4, ref('base.user_root')),(4, ref('base.user_admin'))]"/>
        </record>
        
    </data>

</odoo>
