<?xml version="1.0" encoding="utf-8"?>
<odoo>
    <data noupdate="1">
<!--        <record id="vendor_temp1" model="res.partner">-->
<!--            <field name="name">PO Draft</field>-->
<!--            &lt;!&ndash;            <field name="supplier">True</field>&ndash;&gt;-->
<!--            <field name="supplier_rank">1</field>-->
<!--            <field name="customer_rank">1</field>-->
<!--        </record>-->

         <record  id="product_id" model="product.estimation.type">
            <field name="name">Product</field>
         </record>

        <record  id="service_id" model="product.estimation.type">
            <field name="name">Service</field>
         </record>

        <record  id="overhead_id" model="product.estimation.type">
            <field name="name">Overhead</field>
         </record>

        <record  id="impression_id" model="product.estimation.type">
            <field name="name">Impression</field>
         </record>
    </data>
</odoo>