id,name,model_id:id,group_id:id,perm_read,perm_write,perm_create,perm_unlink
access_job_costing,job.costing,model_job_costing,,1,1,1,1
access_product_estimation_type,product.estimation.type,model_product_estimation_type,,1,1,1,1
access_estimation_calculator,estimation.calculator,model_estimation_calculator,,1,1,1,1
access_job_imp_line,job.imp.line,model_job_imp_line,,1,1,1,1

access_job_cost_line,job.cost.line,model_job_cost_line,,1,1,1,1

access_job_overhead_line,job.overhead.line,model_job_overhead_line,,1,1,1,1

access_job_labour_line,job.labour.line,model_job_labour_line,,1,1,1,1

access_sale_order,sale.order,sale.model_sale_order,,1,1,1,1

access_sale_order_line,sale.order.line,sale.model_sale_order_line,,1,1,1,1


access_uom_uom,uom.uom,uom.model_uom_uom,,1,1,1,1

access_lead_source,lead.source,model_lead_source,,1,1,1,1

