<?xml version="1.0" encoding="utf-8"?>
<odoo>
    <data noupdate="1">
        <record id="sequence_car_rental" model="ir.sequence">
            <field name="name">Car Rental Sequence</field>
            <field name="code">car.rental.sequence</field>
            <field name="prefix">RENT/%(range_year)s/</field>
            <field eval="1" name="number_next"/>
            <field eval="1" name="number_increment"/>
            <field eval="True" name="use_date_range"/>
            <field name="padding">4</field>
        </record>
    </data>
<!--    Creating fleet rental service product-->
    <record model="product.product" id="fleet_service_product">
        <field name="name">Fleet Rental Service</field>
        <field name="type">service</field>
    </record>
<!--    Creating new state named In shop for model fleet.vehicle-->
    <record id="vehicle_state_inshop" model="fleet.vehicle.state">
        <field name="name">In shop</field>
        <field name="sequence">1</field>
    </record>
<!--    Creating new state named Active for model fleet.vehicle-->
    <record id="vehicle_state_active" model="fleet.vehicle.state">
        <field name="name">Active</field>
        <field name="sequence">2</field>
    </record>
<!--    Creating new state named Inactive for model fleet.vehicle-->
    <record id="vehicle_state_inactive" model="fleet.vehicle.state">
        <field name="name">Inactive</field>
        <field name="sequence">3</field>
    </record>
<!--    Creating new state named Sold for model fleet.vehicle-->
    <record id="vehicle_state_sold" model="fleet.vehicle.state">
        <field name="name">Sold</field>
        <field name="sequence">4</field>
    </record>
<!--    Creating new state named Rent for model fleet.vehicle-->
    <record id="vehicle_state_rent" model="fleet.vehicle.state">
        <field name="name">Rent</field>
        <field name="sequence">3</field>
    </record>
</odoo>